,20 features,30 features,50 features
5-fold cv,0.010834671,0.014779549,0.017562734
10-fold cv,0.014228753,0.011756414,0.019964776